,Accuracy,Precision,Recall,F1
0,0.9407515185436661,0.5611586954628579,0.6252044399346066,0.5512806431036181
