,Accuracy,Precision,Recall,F1
0,0.00123869120804507,0.0001376604183622479,0.1111111111111111,0.00027498015177987776
