,Accuracy,Precision,Recall,F1
0,0.19791791300411674,0.24073116872435563,0.15886913488933785,0.14385573916530392
